{"Bleu_1": 0.35969102551068605, "Bleu_2": 0.1810539295110834, "Bleu_3": 0.08921067678238002, "Bleu_4": 0.05013708258467083, "METEOR": 0.08988188881640487, "ROUGE_L": 0.2565091999072326, "CIDEr": 0.05874520924909238}